board_name,url
Alloy B-Bomb,https://thegoodride.com/snowboard-reviews/alloy-b-bomb-2016-2020-snowboard-review
Alloy B-Bomb GT,https://thegoodride.com/snowboard-reviews/alloy-b-bomb-gt-2020-snowboard-review
Alloy D.O Carbon,https://thegoodride.com/snowboard-reviews/alloy-d-o-carbon-2019-2020-snowboard-review
Alloy Darwin Flow,https://thegoodride.com/snowboard-reviews/alloy-darwin-flow-2020-snowboard-review
Alloy DO 7X,https://thegoodride.com/snowboard-reviews/alloy-do-7x-2017-snowboard-review
Alloy DO BC,https://thegoodride.com/snowboard-reviews/alloy-do-bc-2017-snowboard-review
Alloy Kwang Ki,https://thegoodride.com/snowboard-reviews/alloy-kwang-ki-2020-snowboard-reveiw
Alloy Outkome,https://thegoodride.com/snowboard-reviews/alloy-outkome-2019-2020-snowboard-review
Alloy Sniper,https://thegoodride.com/snowboard-reviews/alloy-sniper-2016-2020-snowboard-review
Arbor A-Frame,https://thegoodride.com/snowboard-reviews/arbor-a-frame-2010-2019-snowboard-review
Arbor Annex,https://thegoodride.com/snowboard-reviews/arbor-annex-2021-snowboard-review
Arbor Bryan Iguchi Pro Camber,https://thegoodride.com/snowboard-reviews/arbor-bryan-iguchi-pro-camber-2017-2021-snowboard-review
Arbor Bryan Iguchi Pro Rocker,https://thegoodride.com/snowboard-reviews/arbor-bryan-iguchi-pro-rocker-snowboard-review
Arbor Cask,https://thegoodride.com/snowboard-reviews/arbor-cask-2019-snowboard-review
Arbor Clovis,https://thegoodride.com/snowboard-reviews/arbor-clovis-2017-2019-snowboard-review
Arbor Coda Camber,https://thegoodride.com/snowboard-reviews/arbor-coda-camber-2016-2019-snowboard-review
Arbor Cosa Nostra,https://thegoodride.com/snowboard-reviews/arbor-cosa-nostra-2017-snowboard-review
Arbor Crosscut Camber,https://thegoodride.com/snowboard-reviews/arbor-crosscut-camber-2021-snowboard-review
Arbor  Element,https://thegoodride.com/snowboard-reviews/arbor-element-2010-2017-snowboard-review
Arbor Element Camber,https://thegoodride.com/snowboard-reviews/arbor-element-camber-2021-snowboard-review
Arbor  Formula,https://thegoodride.com/snowboard-reviews/arbor-formula-2016-2021-snowboard-review
Arbor Wasteland Camber,https://thegoodride.com/snowboard-reviews/arbor-wasteland-camber-2021-snowboard-review
Arbor Westmark Camber,https://thegoodride.com/snowboard-reviews/arbor-westmark-camber-snowboard-review
Bataleon Evil Twin,https://thegoodride.com/snowboard-reviews/bataleon-evil-twin-2020-snowboard-review
Bataleon  Goliath,https://thegoodride.com/snowboard-reviews/bataleon-goliath-2020-snowboard-review
Bataleon Party Wave,https://thegoodride.com/snowboard-reviews/bataleon-party-wave-2020-snowboard-review
Bataleon Surfer LTD,https://thegoodride.com/snowboard-reviews/bataleon-surfer-ltd-2020-snowboard-review
Burton 3D Kilroy Camber,https://thegoodride.com/snowboard-reviews/burton-3d-kilroy-camber-2021-snowboard-review
Burton Antler,https://thegoodride.com/snowboard-reviews/burton-antler-2017-purepop-camber-snowboard-review
Burton Big Gulp,https://thegoodride.com/snowboard-reviews/burton-big-gulp-2021-snowboard-review
Burton Blunt,https://thegoodride.com/snowboard-reviews/burton-blunt-2010-2017-snowboard-review
Burton Branch Manager,https://thegoodride.com/snowboard-reviews/burton-branch-manager-2017-snowboard-review
Burton CK Nug,https://thegoodride.com/snowboard-reviews/burton-ck-nug-2017-snowboard-review
Burton  Clash,https://thegoodride.com/snowboard-reviews/burton-clash-2010-2017-snowboard-review
Burton Con Artist,https://thegoodride.com/snowboard-reviews/burton-con-artist-2018-snowboard-review
Burton Custom,https://thegoodride.com/snowboard-reviews/burton-custom-2010-2020-snowboard-review
Burton Custom Flying V,https://thegoodride.com/snowboard-reviews/burton-custom-flying-v-2010-2018-snowboard-review
Burton Custom Twin,https://thegoodride.com/snowboard-reviews/burton-custom-twin-2017-snowboard-review
Burton Custom Twin Flying V,https://thegoodride.com/snowboard-reviews/burton-custom-twin-flying-v-2015-2017-snowboard-review
Burton Custom X,https://thegoodride.com/snowboard-reviews/burton-custom-x-2010-2017-snowboard-review
Burton Custom X Flying V,https://thegoodride.com/snowboard-reviews/burton-custom-x-flying-v-2017-2020-snowboard-review
Burton Deep Thinker,https://thegoodride.com/snowboard-reviews/burton-deep-thinker-2018-2020-snowboard-review
Burton Dump Truck,https://thegoodride.com/snowboard-reviews/burton-dump-truck-2018-snowboard-review
Burton Fish,https://thegoodride.com/snowboard-reviews/burton-fish-2010-2018-snowboard-review
Burton Flight Attendant,https://thegoodride.com/snowboard-reviews/burton-flight-attendant-2015-2020-snowboard-review
Burton Free Thinker,https://thegoodride.com/snowboard-reviews/burton-free-thinker-2018-2019-snowboard-review
Burton Gate Keeper,https://thegoodride.com/snowboard-reviews/burton-gate-keeper-2017-snowboard-review
Burton Hometown Hero,https://thegoodride.com/snowboard-reviews/burton-hometown-hero-2020-2021-snowboard-review
Burton Kilroy Custom,https://thegoodride.com/snowboard-reviews/burton-kilroy-custom-2018-2019-snowboard-review
Burton Kilroy Pow Camber,https://thegoodride.com/snowboard-reviews/burton-kilroy-pow-camber-2021-snowboard-review
Burton Kilroy Process,https://thegoodride.com/snowboard-reviews/burton-kilroy-process-2019-snowboard-review
Burton Kilroy Twin Camber,https://thegoodride.com/snowboard-reviews/burton-kilroy-twin-camber-2021-snowboard-review
Burton Landlord,https://thegoodride.com/snowboard-reviews/burton-landlord-2014-2017-snowboard-review
Burton Leader Board,https://thegoodride.com/snowboard-reviews/burton-leader-board-2020-snowboard-reveiw
Burton Led Zeppelin X Easy Livin,https://thegoodride.com/snowboard-reviews/burton-led-zeppelin-x-easy-livin-2017-snowboard-review
Burton Modified Fish,https://thegoodride.com/snowboard-reviews/burton-modified-fish-2016-2017-snowboard-review
Burton Name Dropper,https://thegoodride.com/snowboard-reviews/burton-name-dropper-2014-2017-snowboard-review
Burton One-Hitter,https://thegoodride.com/snowboard-reviews/burton-one-hitter-2020-snowboard-review
Burton Panhandler,https://thegoodride.com/snowboard-reviews/burton-panhandler-2018-snowboard-review
Burton Process,https://thegoodride.com/snowboard-reviews/burton-process-2011-2018-snowboard-review
Burton Process Flying V,https://thegoodride.com/snowboard-reviews/burton-process-flying-v-2011-2018-snowboard-review
Burton Process Off Axis,https://thegoodride.com/snowboard-reviews/burton-process-off-axis-2015-2018-snowboard-review
Burton Sensei,https://thegoodride.com/snowboard-reviews/burton-sensei-2021-snowboard-review
Burton Skeleton Key,https://thegoodride.com/snowboard-reviews/burton-skeleton-key-2017-2020-snowboard-review
Burton Speed Date,https://thegoodride.com/snowboard-reviews/burton-speed-date-2019-snowboard-review
Burton Straight Chuter,https://thegoodride.com/snowboard-reviews/burton-straight-chuter-2021-snowboard-review
Burton Stun Gun,https://thegoodride.com/snowboard-reviews/burton-stun-gun-2019-snowboard-review
Burton Super Bueno,https://thegoodride.com/snowboard-reviews/burton-super-bueno-2020-snowboard-review
Burton Trick Pilot,https://thegoodride.com/snowboard-reviews/burton-trick-pilot-2019-snowboard-review
Burton Trick Pony,https://thegoodride.com/snowboard-reviews/burton-trick-pony-2014-2018-snowboard-review
Burton Working Stiff,https://thegoodride.com/snowboard-reviews/burton-working-stiff-2018-snowboard-review
Capita Asymulator,https://thegoodride.com/snowboard-reviews/capita-asymulator-2020-snowboard-review
Capita Black Snowboard of Death,https://thegoodride.com/snowboard-reviews/capita-black-snowboard-of-death-2010-2020-review
Capita Charlie Slasher,https://thegoodride.com/snowboard-reviews/capita-charlie-slasher-2010-2017-snowboard-review
Capita  Defenders Of Awesome,https://thegoodride.com/snowboard-reviews/capita-defenders-of-awesome-2013-2020-snowboard-review
Capita Horrorscope,https://thegoodride.com/snowboard-reviews/capita-horrorscope-2017-2019-snowboard-review
Capita  Indoor Survival,https://thegoodride.com/snowboard-reviews/capita-indoor-survival-2010-2018-snowboard-review
Capita Kazu Kokubo Pro,https://thegoodride.com/snowboard-reviews/capita-kazu-kokubo-pro-2017-2019-snowboard-review
Capita Mercury,https://thegoodride.com/snowboard-reviews/capita-mercury-2016-2019-snowboard-review
Capita Navigator,https://thegoodride.com/snowboard-reviews/capita-navigator-2019-snowboard-review
Capita Outerspace Living,https://thegoodride.com/snowboard-reviews/capita-outerspace-living-2017-2020-snowboard-review
Capita Outsiders,https://thegoodride.com/snowboard-reviews/capita-outsiders-2014-2020-snowboard-review
Capita Scott Stevens Pro,https://thegoodride.com/snowboard-reviews/capita-scott-stevens-pro-2015-2019-review
Capita Spring Break Powder 151 Mini Tree Hunter,https://thegoodride.com/snowboard-reviews/capita-spring-break-powder-151-mini-tree-hunter-snowboard-review
Capita Spring Break Powder 161 Tree Hunter,https://thegoodride.com/snowboard-reviews/capita-spring-break-powder-161-tree-hunter-snowboard-review
Capita Spring Break Powder 167 Night Hawk,https://thegoodride.com/snowboard-reviews/capita-spring-break-powder-167-night-hawk-snowboard-review
Capita Spring Break Powder Drifter 154,https://thegoodride.com/snowboard-reviews/capita-spring-break-powder-drifter-154-snowboard-review
Capita Spring Break Powder Glider,https://thegoodride.com/snowboard-reviews/capita-spring-break-powder-glider-snowboard-review
Capita Spring Break Powder Racer,https://thegoodride.com/snowboard-reviews/capita-spring-break-powder-racer-snowboard-review
Capita Spring Break Powder Twin,https://thegoodride.com/snowboard-reviews/capita-spring-break-powder-twin-2021-review
Capita Spring Break Slush Slasher,https://thegoodride.com/snowboard-reviews/capita-spring-break-slush-slasher-2017-2020-snowboard-review
Capita Spring Break Twin,https://thegoodride.com/snowboard-reviews/capita-spring-break-twin-2017-2018-snowboard-review
Capita Super DOA,https://thegoodride.com/snowboard-reviews/capita-super-doa-2020-snowboard-review
Capita Supernova,https://thegoodride.com/snowboard-reviews/capita-supernova-2020-snowboard-review
Capita Thunderstick,https://thegoodride.com/snowboard-reviews/capita-thunderstick-2018-snowboard-review
Capita Ultrafear,https://thegoodride.com/snowboard-reviews/capita-ultrafear-2012-2019-snowboard-review
Capita Warpspeed,https://thegoodride.com/snowboard-reviews/capita-warpspeed-2018-2020-snowboard-review
D-Day Chris Roach,https://thegoodride.com/snowboard-reviews/d-day-chris-roach-snowboard-review-and-buying-advice
D-Day D-Dayve,https://thegoodride.com/snowboard-reviews/d-day-d-dayve-snowboard-review-and-buying-advice
D-Day Death Card,https://thegoodride.com/snowboard-reviews/d-day-death-card-snowboard-review-and-buying-advice
DC HR,https://thegoodride.com/snowboard-reviews/dc-hr-2019-snowboard-review
DC Mega,https://thegoodride.com/snowboard-reviews/dc-mega-2013-2019-snowboard-review
DC Supernatant,https://thegoodride.com/snowboard-reviews/dc-supernatant-2017-2019-snowboard-review
DC The 156,https://thegoodride.com/snowboard-reviews/dc-the-156-2019-snowboard-review
Decathlon All Road 500,https://thegoodride.com/snowboard-reviews/decathlon-all-road-500-2020-snowboard-review
Decathlon Bullwhip 300 Evo,https://thegoodride.com/snowboard-reviews/decathlon-bullwhip-300-evo-2020-snowboard-review
Decathlon Bullwhip 700,https://thegoodride.com/snowboard-reviews/decathlon-bullwhip-700-snowboard-review
Decathlon Endzone 500,https://thegoodride.com/snowboard-reviews/decathlon-endzone-500-snowboard-review
Decathlon Endzone Park&Ride,https://thegoodride.com/snowboard-reviews/decathlon-endzone-park&ride-2020-snowboard-review
Dinosaurs Will Die Kwon,https://thegoodride.com/snowboard-reviews/dinosaurs-will-die-kwon-2017-2015-snowboard-review
Dinosaurs Will Die Rat,https://thegoodride.com/snowboard-reviews/dinosaurs-will-die-rat-2015-2019-snowboard-review
Dinosaurs Will Die Wizard Stick,https://thegoodride.com/snowboard-reviews/dinosaurs-will-die-wizard-stick-snowboard-review
Elevated Surf Craft Goldfish,https://thegoodride.com/snowboard-reviews/elevated-surf-craft-goldfish-2020-snowboard-review
Elevated Surf Craft Redtail Hawk,https://thegoodride.com/snowboard-reviews/elevated-surf-craft-redtail-hawk-2020-snowboard-review
Elevated Surf Craft Shortboard,https://thegoodride.com/snowboard-reviews/elevated-surf-craft-shortboard-snowboard-review
Elevated Surf Craft Step-Up,https://thegoodride.com/snowboard-reviews/elevated-surf-craft-step-up-snowboard-review
Endeavor Alpha,https://thegoodride.com/snowboard-reviews/endeavor-alpha-2020-snowboard-review
Endeavor Archetype,https://thegoodride.com/snowboard-reviews/endeavor-archetype-2020-snowboard-review
Endeavor BOD,https://thegoodride.com/snowboard-reviews/endeavor-bod-2020-snowboard-review
Endeavor Clout,https://thegoodride.com/snowboard-reviews/endeavor-clout-2020-snowboard-review
Endeavor Color,https://thegoodride.com/snowboard-reviews/endeavor-color-2013-2018-snowboard-review
Endeavor Live,https://thegoodride.com/snowboard-reviews/endeavor-live-2020-snowboard-review
Endeavor Maverick,https://thegoodride.com/snowboard-reviews/endeavor-maverick-2018-2020-snowboard-review
Endeavor New Standard,https://thegoodride.com/snowboard-reviews/endeavor-new-standard-2018-snowboard-review
Endeavor Pioneer,https://thegoodride.com/snowboard-reviews/endeavor-pioneer-2020-snowboard-review
Endeavor Ranger,https://thegoodride.com/snowboard-reviews/endeavor-ranger-2020-snowboard-review
Endeavor Scout,https://thegoodride.com/snowboard-reviews/endeavor-scout-2018-2020-snowboard-review
Gentemstick Barracuda HP,https://thegoodride.com/snowboard-reviews/gentemstick-barracuda-hp-2020-snowboard-review
Gentemstick Barracuda,https://thegoodride.com/snowboard-reviews/gentemstick-barracuda-snowboard-review
Gentemstick Chaser,https://thegoodride.com/snowboard-reviews/gentemstick-chaser-2020-snowboard-review
Gentemstick Chaser HP,https://thegoodride.com/snowboard-reviews/gentemstick-chaser-hp-2019-2020-snowboard-review
Gentemstick Giant Mantaray,https://thegoodride.com/snowboard-reviews/gentemstick-giant-mantaray-snowboard-review-and-buying-advice
Gentemstick Hornet,https://thegoodride.com/snowboard-reviews/gentemstick-hornet-snowboard-review
Gentemstick Independentstick,https://thegoodride.com/snowboard-reviews/gentemstick-independentstick-snowboard-review
Gentemstick Mantaray 156,https://thegoodride.com/snowboard-reviews/gentemstick-mantaray-156-2019-2020-snowboard-review
Gentemstick Mantaray,https://thegoodride.com/snowboard-reviews/gentemstick-mantaray-review
Gentemstick Mountain Racer,https://thegoodride.com/snowboard-reviews/gentemstick-mountain-racer-snowboard-review
Gentemstick Rocket Fish,https://thegoodride.com/snowboard-reviews/gentemstick-rocket-fish-2015-2020-snowboard-review
Gentemstick Rocket Fish HP,https://thegoodride.com/snowboard-reviews/gentemstick-rocket-fish-hp-2015-2020-snowboard-review
Gentemstick Spoonfish 152,https://thegoodride.com/snowboard-reviews/gentemstick-spoonfish-152-2015-2019-snowboard-review
Gentemstick Spoonfish,https://thegoodride.com/snowboard-reviews/gentemstick-spoonfish-snowboard-review
Gentemstick Stingray,https://thegoodride.com/snowboard-reviews/gentemstick-stingray-2015-2019-snowboard-review
Gentemstick XY,https://thegoodride.com/snowboard-reviews/gentemstick-xy-2019-snowboard-review
Gentemstick Zephyr,https://thegoodride.com/snowboard-reviews/gentemstick-zephyr-snowboard-review-and-buying-advice
Gilson Fly,https://thegoodride.com/snowboard-reviews/gilson-fly-2020-snowboard-review
Gilson Pioneer,https://thegoodride.com/snowboard-reviews/gilson-pioneer-2020-snowboard-review
Gnu 4,https://thegoodride.com/snowboard-reviews/gnu-4-2020-snowboard-review
Gnu Antigravity,https://thegoodride.com/snowboard-reviews/gnu-antigravity-2019-snowboard-review
Gnu Billy Goat,https://thegoodride.com/snowboard-reviews/gnu-billy-goat-2010-2021-snowboard-review
Gnu Carbon Credit Asym,https://thegoodride.com/snowboard-reviews/gnu-carbon-credit-asym-2017-2019-snowboard-review
Gnu Fun Guy,https://thegoodride.com/snowboard-reviews/gnu-fun-guy-2020-2021-snowboard-review
Gnu Gremlin,https://thegoodride.com/snowboard-reviews/gnu-gremlin-2021-snowboard-review
Gnu Head Space,https://thegoodride.com/snowboard-reviews/gnu-head-space-2016-2021-snowboard-review
Gnu Hyperkyarve,https://thegoodride.com/snowboard-reviews/gnu-hyperkyarve-2017-2019-snowboard-review
Gnu Money,https://thegoodride.com/snowboard-reviews/gnu-money-2019-snowboard-review
Gnu Mullair,https://thegoodride.com/snowboard-reviews/gnu-mullair-2017-2020-snowboard-review
Gnu Nuzoid,https://thegoodride.com/snowboard-reviews/gnu-nuzoid-2020-snowboard-reveiw
Gnu RC C3,https://thegoodride.com/snowboard-reviews/gnu-rc-c3-2021-snowboard-review
Gnu Riders Choice,https://thegoodride.com/snowboard-reviews/gnu-riders-choice-2010-2019-snowboard-review
Gnu Space Case,https://thegoodride.com/snowboard-reviews/gnu-space-case-2013-2019-snowboard-review
Gnu SPASYM,https://thegoodride.com/snowboard-reviews/gnu-spasym-2019-snowboard-review
Gnu Super Progressive Air Machine,https://thegoodride.com/snowboard-reviews/gnu-super-progressive-air-machine-2018-2019-snowboard-review
Gnu Swallow Tail Carver,https://thegoodride.com/snowboard-reviews/gnu-swallow-tail-carver-2016-2018-snowboard-review
Gnu T2B,https://thegoodride.com/snowboard-reviews/gnu-t2b-2019-snowboard-review
Gnu Zoid,https://thegoodride.com/snowboard-reviews/gnu-zoid-2015-2018-snowboard-review
Jones Aviator,https://thegoodride.com/snowboard-reviews/jones-aviator-2014-2021-snowboard-review
Jones  Carbon Flagship,https://thegoodride.com/snowboard-reviews/jones-carbon-flagship-2013-2020-snowboard-review
Jones Explorer,https://thegoodride.com/snowboard-reviews/jones-explorer-2016-2019-snowboard-review
Jones Flagship,https://thegoodride.com/snowboard-reviews/jones-flagship-2011-2021-snowboard-review
Jones Frontier,https://thegoodride.com/snowboard-reviews/jones-frontier-2020-snowboard-review
Jones Hovercraft,https://thegoodride.com/snowboard-reviews/jones-hovercraft-2011-2021-snowboard-review
Jones Lone Wolf,https://thegoodride.com/snowboard-reviews/jones-lone-wolf-2018-2021-snowboard-review
Jones Mind Expander,https://thegoodride.com/snowboard-reviews/jones-mind-expander-2018-2021-snowboard-review
Jones  Mountain Twin,https://thegoodride.com/snowboard-reviews/jones-mountain-twin-2011-2021-snowboard-review
Jones Storm Chaser,https://thegoodride.com/snowboard-reviews/jones-storm-chaser-2016-2020-snowboard-review
Jones Ultra Flagship,https://thegoodride.com/snowboard-reviews/jones-ultra-flagship-2021-snowboard-review
Jones Ultra Mind Expander,https://thegoodride.com/snowboard-reviews/jones-ultra-mind-expander-2019-2021-snowboard-review
Jones Ultra Mountain Twin,https://thegoodride.com/snowboard-reviews/jones-ultra-mountain-twin-2016-2021-snowboard-review
Jones Ultracraft,https://thegoodride.com/snowboard-reviews/jones-ultracraft-2014-2021-snowboard-review
K2 Afterblack,https://thegoodride.com/snowboard-reviews/k2-afterblack-2020-snowboard-review
K2 Broadcast,https://thegoodride.com/snowboard-reviews/k2-broadcast-2019-snowboard-review
K2 Carve Air,https://thegoodride.com/snowboard-reviews/k2-carve-air-2017-snowboard-review
K2 Cool Bean,https://thegoodride.com/snowboard-reviews/k2-cool-bean-2016-2019-snowboard-review
K2 Eighty Seven,https://thegoodride.com/snowboard-reviews/k2-eighty-seven-2017-2019-snowboard-review
K2 Joy Driver,https://thegoodride.com/snowboard-reviews/k2-joy-driver-2020-snowboard-review
K2 Manifest,https://thegoodride.com/snowboard-reviews/k2-manifest-2019-snowboard-review
K2 Overboard,https://thegoodride.com/snowboard-reviews/k2-overboard-2020-snowboard-review
K2 Party Platter,https://thegoodride.com/snowboard-reviews/k2-party-platter-2017-2019-snowboard-review
K2 Raygun,https://thegoodride.com/snowboard-reviews/k2-raygun-2010-2019-snowboard-review
K2 Simple Pleasures,https://thegoodride.com/snowboard-reviews/k2-simple-pleasures-2020-snowboard-review
Korua Bullet Train,https://thegoodride.com/snowboard-reviews/korua-bullet-train-2020-snowboard-reveiw
Korua Cafe' Racer,https://thegoodride.com/snowboard-reviews/korua-cafe'-racer-2020-snowboard-review
Korua Dart,https://thegoodride.com/snowboard-reviews/korua-dart-2019-2020-snowboard-review
Korua Otto,https://thegoodride.com/snowboard-reviews/korua-otto-2018-2020-snowboard-review
Korua Pencil,https://thegoodride.com/snowboard-reviews/korua-pencil-2019-2020-snowboard-review
Korua Pencil Plus,https://thegoodride.com/snowboard-reviews/korua-pencil-plus-2018-2020-snowboard-review
Korua Pocket Rocket,https://thegoodride.com/snowboard-reviews/korua-pocket-rocket-2020-snowboard-review
Korua Puzzle,https://thegoodride.com/snowboard-reviews/korua-puzzle-snowboard-review-and-buying-advice
Korua Stealth,https://thegoodride.com/snowboard-reviews/korua-stealth-2018-2019-snowboard-review
Korua Tranny Finder,https://thegoodride.com/snowboard-reviews/korua-tranny-finder-2018-2020-snowboard-review
Korua Tranny Finder Plus,https://thegoodride.com/snowboard-reviews/korua-tranny-finder-plus-2019-2020-snowboard-review
Lago Double Barrel,https://thegoodride.com/snowboard-reviews/lago-double-barrel-snowboard-review-2017
Lago Open Road,https://thegoodride.com/snowboard-reviews/lago-open-road-snowboard-review-2017
Lib Tech Attack Banana,https://thegoodride.com/snowboard-reviews/lib-tech-attack-banana-2011-2019-snowboard-review
Lib Tech Banana Magic,https://thegoodride.com/snowboard-reviews/lib-tech-banana-magic-2010-2019-snowboard-review
Lib Tech Box Knife,https://thegoodride.com/snowboard-reviews/lib-tech-box-knife-2018-2020-snowboard-review
Lib Tech Box Scratcher,https://thegoodride.com/snowboard-reviews/lib-tech-box-scratcher-2011-2019-snowboard-review
Lib Tech BRD,https://thegoodride.com/snowboard-reviews/lib-tech-brd-2020-snowboard-review
Lib Tech Cold Brew,https://thegoodride.com/snowboard-reviews/lib-tech-cold-brew-2018-2020-snowboard-review
Lib Tech Double Dip,https://thegoodride.com/snowboard-reviews/lib-tech-double-dip-2018-2019-snowboard-review
Lib Tech Doughboy Shredder,https://thegoodride.com/snowboard-reviews/lib-tech-doughboy-shredder-2019-snowboard-review
Lib Tech Dynamo,https://thegoodride.com/snowboard-reviews/lib-tech-dynamo-2020-snowboard-review
Lib Tech EJack Knife,https://thegoodride.com/snowboard-reviews/lib-tech-ejack-knife-2018-2019-snowboard-review
Lib Tech Hot Knife,https://thegoodride.com/snowboard-reviews/lib-tech-hot-knife-2013-2019-snowboard-review
Lib Tech Jamie Lynn Dagmar,https://thegoodride.com/snowboard-reviews/lib-tech-jamie-lynn-dagmar-2019-2020-snowboard-review
Lib Tech Jamie Lynn Titty Fish,https://thegoodride.com/snowboard-reviews/lib-tech-jamie-lynn-titty-fish-2019-2020-snowboard-review
Lib Tech Lando Phoenix,https://thegoodride.com/snowboard-reviews/lib-tech-lando-phoenix-2010-2019-snowboard-review
Lib Tech Lost Quiver Killer,https://thegoodride.com/snowboard-reviews/lib-tech-lost-quiver-killer-2021-snowboard-review
Lib Tech Lost Retro Ripper,https://thegoodride.com/snowboard-reviews/lib-tech-lost-retro-ripper-2021-snowboard-review
Lib Tech  Lost Rocket,https://thegoodride.com/snowboard-reviews/lib-tech-lost-rocket-2018-2020-snowboard-review
Lib Tech Lost Round Nose Fish,https://thegoodride.com/snowboard-reviews/lib-tech-lost-round-nose-fish-2019-snowboard-review
Lib Tech Lost Twin Rocket,https://thegoodride.com/snowboard-reviews/lib-tech-lost-twin-rocket-2018-snowboard-review
Lib Tech Magic BM,https://thegoodride.com/snowboard-reviews/lib-tech-magic-bm-2020-snowboard-review
Lib Tech MC Snake Kink,https://thegoodride.com/snowboard-reviews/lib-tech-mc-snake-kink-2021-snowboard-review
Lib Tech MC Step Tail,https://thegoodride.com/snowboard-reviews/lib-tech-mc-step-tail-2018-snowboard-review
Lib Tech MC Wayfinder,https://thegoodride.com/snowboard-reviews/lib-tech-mc-wayfinder-2019-2020-snowboard-review
Lib Tech Short Fat,https://thegoodride.com/snowboard-reviews/lib-tech-short-fat-2018-snowboard-review
Lib Tech Short Wide,https://thegoodride.com/snowboard-reviews/lib-tech-short-wide-2021-snowboard-review
Lib Tech Skate Banana,https://thegoodride.com/snowboard-reviews/lib-tech-skate-banana-2010-2017-snowboard-review
Lib Tech Skunk Ape HP,https://thegoodride.com/snowboard-reviews/lib-tech-skunk-ape-hp-2013-2020-snowboard-review
Lib Tech Stump Ape,https://thegoodride.com/snowboard-reviews/lib-tech-stump-ape-2019-2020-snowboard-review
Lib Tech Swiss Knife,https://thegoodride.com/snowboard-reviews/lib-tech-swiss-knife-2016-2020-snowboard-review
Lib Tech T Ras,https://thegoodride.com/snowboard-reviews/lib-tech-t-ras-2020-snowboard-review
Lib Tech T.Rice Orca,https://thegoodride.com/snowboard-reviews/lib-tech-t-rice-orca-2019-2021-snowboard-review
Lib Tech Terrain Wrecker,https://thegoodride.com/snowboard-reviews/lib-tech-terrain-wrecker-2018-2020-snowbard-review
Lib Tech Travis Rice Climax,https://thegoodride.com/snowboard-reviews/lib-tech-travis-rice-climax-2017-2019-snowboard-review
Lib Tech Travis Rice Gold Member,https://thegoodride.com/snowboard-reviews/lib-tech-travis-rice-gold-member-2016-2019-snowboard-review
Lib Tech Travis Rice Pro HP,https://thegoodride.com/snowboard-reviews/lib-tech-travis-rice-pro-hp-2016-2019-snowboard-review
Lib Tech Travis Rice Speedodeeps,https://thegoodride.com/snowboard-reviews/lib-tech-travis-rice-speedodeeps-2014-2017-snowboard-review
Lib Tech TRS Firepower,https://thegoodride.com/snowboard-reviews/lib-tech-trs-firepower-snowboard-2015-2019-snowboard-review
Lib Tech TRS HP,https://thegoodride.com/snowboard-reviews/lib-tech-trs-hp-2014-2020-snowboard-review
Lib Tech Utility Knife,https://thegoodride.com/snowboard-reviews/lib-tech-utility-knife-2017-snowboard-review
Lib Tech Woodsmith Coho,https://thegoodride.com/snowboard-reviews/lib-tech-woodsmith-coho-2017-snowboard-review
Lib Tech Worlds Greenest Snowboard,https://thegoodride.com/snowboard-reviews/lib-tech-worlds-greenest-snowboard-2016-2018-review
Loaded Algernon,https://thegoodride.com/snowboard-reviews/loaded-algernon-2016--2019-snowboard-review
Lobster Aaron Schwartz Artist Edition,https://thegoodride.com/snowboard-reviews/lobster-aaron-schwartz-artist-edition-2020-snowboard-review
Lobster Halldor Pro,https://thegoodride.com/snowboard-reviews/lobster-halldor-pro-2020-snowboard-review
Marhar Archaic,https://thegoodride.com/snowboard-reviews/marhar-archaic-2018-snowboard-review
Marhar Darkside,https://thegoodride.com/snowboard-reviews/marhar-darkside-2018-snowboard-review
Marhar Half Breed,https://thegoodride.com/snowboard-reviews/marhar-half-breed-2018-snowboard-review
Marhar Lumberjack,https://thegoodride.com/snowboard-reviews/marhar-lumberjack-2018-snowboard-review
Marhar Regent,https://thegoodride.com/snowboard-reviews/marhar-regent-2018-snowboard-review
Marhar Woodsman,https://thegoodride.com/snowboard-reviews/marhar-woodsman-2018-snowboard-review
Moss Snowstick 58 Swallow,https://thegoodride.com/snowboard-reviews/moss-snowstick-58-swallow-snowboard-review
Moss Snowstick  C3,https://thegoodride.com/snowboard-reviews/moss-snowstick-c3-2019-2020-snowboard-review
Moss Snowstick Jellyfish,https://thegoodride.com/snowboard-reviews/moss-snowstick-jellyfish-2019-2020-snowboard-review
Moss Snowstick Performance Quad 54,https://thegoodride.com/snowboard-reviews/moss-snowstick-performance-quad-54-snowboard-review
Moss Snowstick Performance Quad 60,https://thegoodride.com/snowboard-reviews/moss-snowstick-performance-quad-60-snowboard-review
Moss Snowstick U4,https://thegoodride.com/snowboard-reviews/moss-snowstick-u4-snowboard-review
Moss Snowstick  U5,https://thegoodride.com/snowboard-reviews/moss-snowstick-u5-snowboard-revie
Moss Snowstick Wing Swallow 49,https://thegoodride.com/snowboard-reviews/moss-snowstick-wing-swallow-49-snowboard-review
Moss Snowstick Wing Swallow 57,https://thegoodride.com/snowboard-reviews/moss-snowstick-wing-swallow-57-snowboard-review
Never Summer Big Gun,https://thegoodride.com/snowboard-reviews/never-summer-big-gun-2018-2020-snowboard-review
Never Summer Chairman,https://thegoodride.com/snowboard-reviews/never-summer-chairman-2015-2020-snowboard-review
Never Summer Dipstick,https://thegoodride.com/snowboard-reviews/never-summer-dipstick-2020-snowboard-review
Never Summer East,https://thegoodride.com/snowboard-reviews/never-summer-east-2020-snowboard-review
Never Summer Funslinger,https://thegoodride.com/snowboard-reviews/never-summer-funslinger-2015-2020--snowboard-review
Never Summer Harpoon,https://thegoodride.com/snowboard-reviews/never-summer-harpoon-2021-snowboard-review
Never Summer Heritage,https://thegoodride.com/snowboard-reviews/never-summer-heritage-2010-2019-snowboard-review
Never Summer Insta Gator,https://thegoodride.com/snowboard-reviews/never-summer-insta-gator-2017-2020-snowboard-review
Never Summer Maverix,https://thegoodride.com/snowboard-reviews/never-summer-maverix-2017-2020-snowboard-review
Never Summer Peacemaker,https://thegoodride.com/snowboard-reviews/never-summer-peacemaker-2019-2020-snowboard-review
Never Summer Proto Slinger,https://thegoodride.com/snowboard-reviews/never-summer-proto-slinger-2021-snowboard-review
Never Summer Proto Synthesis,https://thegoodride.com/snowboard-reviews/never-summer-proto-synthesis-2021-snowboard-review
Never Summer Proto Type Two,https://thegoodride.com/snowboard-reviews/never-summer-proto-type-two-2016-2020-snowboard-review
Never Summer Ripsaw,https://thegoodride.com/snowboard-reviews/never-summer-ripsaw-2014-2019-snowboard-review
Never Summer Shaper Twin,https://thegoodride.com/snowboard-reviews/never-summer-shaper-twin-2018-2021-snowboard-review
Never Summer Snowtrooper,https://thegoodride.com/snowboard-reviews/never-summer-snowtrooper-2015-2019-snowboard-review
Never Summer Swift,https://thegoodride.com/snowboard-reviews/never-summer-swift-2016-2020-snowboard-review
Never Summer Twenty Five,https://thegoodride.com/snowboard-reviews/never-summer-twenty-five-2017-snowboard-review
Never Summer Warlock,https://thegoodride.com/snowboard-reviews/never-summer-warlock-2017-2019-snowboard-review
Never Summer West,https://thegoodride.com/snowboard-reviews/never-summer-west-2016-2019--snowboard-review
Never Summer West Bound,https://thegoodride.com/snowboard-reviews/never-summer-west-bound-2019-2021-review
Niche Aether,https://thegoodride.com/snowboard-reviews/niche-aether-2016-2020-snowboard-review
Niche Crux,https://thegoodride.com/snowboard-reviews/niche-crux-2020-snowboard-review
Niche Maelstrom,https://thegoodride.com/snowboard-reviews/niche-maelstrom-2020-snowboard-review
Niche Pyre,https://thegoodride.com/snowboard-reviews/niche-pyre-2019-2020-snowboard-review
Niche Story,https://thegoodride.com/snowboard-reviews/niche-story-2015-2020-snowboard-review
Niche Theme,https://thegoodride.com/snowboard-reviews/niche-theme-2019-snowboard-review
Niche Wraith,https://thegoodride.com/snowboard-reviews/niche-wraith-2020-snowboard-review
Nidecker Area,https://thegoodride.com/snowboard-reviews/nidecker-area-2019-snowboard-review
Nidecker Megalight,https://thegoodride.com/snowboard-reviews/nidecker-megalight-2010-2018-snowboard-review
Nidecker Mellow,https://thegoodride.com/snowboard-reviews/nidecker-mellow-2018-2020-snowboard-review
Nidecker Platinum,https://thegoodride.com/snowboard-reviews/nidecker-platinum-2018-snowboard-review
Nidecker Rave,https://thegoodride.com/snowboard-reviews/nidecker-rave-2018-snowoard-review
Nidecker The Donuts,https://thegoodride.com/snowboard-reviews/nidecker-the-donuts-2019-snowboard-review
Nidecker The Mosquito,https://thegoodride.com/snowboard-reviews/nidecker-the-mosquito-2020-snowboard-review
Nitro Cinema,https://thegoodride.com/snowboard-reviews/nitro-cinema-2020-snowboard-review
Nitro Fury,https://thegoodride.com/snowboard-reviews/nitro-fury-quiver-2019-snowboard-review
Nitro Mountain,https://thegoodride.com/snowboard-reviews/nitro-mountain-2016-2018-snowboard-review
Nitro Quiver Cannon 173,https://thegoodride.com/snowboard-reviews/nitro-quiver-cannon-173-2020-snowboard-review
Nitro Quiver Cannon 203,https://thegoodride.com/snowboard-reviews/nitro-quiver-cannon-203-2020-snowboard-review
Nitro Quiver Squash,https://thegoodride.com/snowboard-reviews/nitro-quiver-squash-2018-snowboard-review
Nitro Santoku,https://thegoodride.com/snowboard-reviews/nitro-santoku-2020-snowboard-review
Nitro Slash,https://thegoodride.com/snowboard-reviews/nitro-slash-quiver-2019-snowboard-review
Nitro  Team,https://thegoodride.com/snowboard-reviews/nitro-team-2010-2020-snowboard-review
Nitro Team Gullwing,https://thegoodride.com/snowboard-reviews/nitro-team-gullwing-2011-2018-snowboard-review
Nitro Woodcarver,https://thegoodride.com/snowboard-reviews/nitro-woodcarver-2018-snowboard-review
OZ ATS,https://thegoodride.com/snowboard-reviews/oz-ats-snowboard-review
OZ Custom Woody,https://thegoodride.com/snowboard-reviews/oz-custom-woody-2016-2018-snowboard-review
OZ Fantasy Blaster,https://thegoodride.com/snowboard-reviews/oz-fantasy-blaster-snowboard-review
OZ Woody,https://thegoodride.com/snowboard-reviews/oz-woody-2015-2017-snowboard-review
Prior Legacy,https://thegoodride.com/snowboard-reviews/prior-legacy-2019-2020-snowboard-review
Prior Slasher,https://thegoodride.com/snowboard-reviews/prior-slasher-2019-2020-snowboard-review
Prior Spearhead,https://thegoodride.com/snowboard-reviews/prior-spearhead-2020-2021-snowboard-review
Prior Wildcard,https://thegoodride.com/snowboard-reviews/prior-wildcard-2019-2020-snowboard-review
Ride Algorhythm,https://thegoodride.com/snowboard-reviews/ride-algorhythm-2020-snowboard-review
Ride  Berzerker,https://thegoodride.com/snowboard-reviews/ride-berzerker-2012-2020-snowboard-review
Ride Burnout,https://thegoodride.com/snowboard-reviews/ride-burnout-2020-snowboard-review
Ride Crook,https://thegoodride.com/snowboard-reviews/ride-crook-review-and-buying-advice
Ride Helix,https://thegoodride.com/snowboard-reviews/ride-helix-2015-2019-snowboard-review
Ride Kink,https://thegoodride.com/snowboard-reviews/ride-kink-2018-2019-snowboard-review
Ride Machete,https://thegoodride.com/snowboard-reviews/ride-machete-2010-2019-snowboard-review
Ride Machete GT,https://thegoodride.com/snowboard-reviews/ride-machete-gt-2013-2019-snowboard-review
Ride Mtnpig,https://thegoodride.com/snowboard-reviews/ride-mtnpig-2019-snowboard-review
Ride Superpig,https://thegoodride.com/snowboard-reviews/ride-superpig-2020-snowboard-review
Ride Timeless,https://thegoodride.com/snowboard-reviews/ride-timeless-2017-2019-snowboard-review
Ride Twinpig,https://thegoodride.com/snowboard-reviews/ride-twinpig-2019-2020-snowboard-review
Ride Warpig,https://thegoodride.com/snowboard-reviews/ride-warpig-2017-2019-snowboard-review
Ride Wild Life,https://thegoodride.com/snowboard-reviews/ride-wild-life-2013-2019-snowboard-review
Rome  Agent Rocker,https://thegoodride.com/snowboard-reviews/rome-agent-rocker-2010-2017-review
Rome Blur,https://thegoodride.com/snowboard-reviews/rome-blur-2017-snowboard-review
Rome Marshal,https://thegoodride.com/snowboard-reviews/rome-marshal-2018-snowboard-review
Rome Mod Rocker,https://thegoodride.com/snowboard-reviews/rome-mod-rocker-2012-2018-snowboard-review
Rome Mountain Division,https://thegoodride.com/snowboard-reviews/rome-mountain-division-snowboard-review
Rome National,https://thegoodride.com/snowboard-reviews/rome-national-2018-2020-snowboard-review
Rome Powder Division MT,https://thegoodride.com/snowboard-reviews/rome-powder-division-mt-2017-2019-snowboard-review
Rome Ravine,https://thegoodride.com/snowboard-reviews/rome-ravine-2019-snowboard-review
Rome Sawtooth,https://thegoodride.com/snowboard-reviews/rome-sawtooth-2017-snowboard-review
Rome Warden,https://thegoodride.com/snowboard-reviews/rome-warden-2020-snowboard-review
Rossignol Angus,https://thegoodride.com/snowboard-reviews/rossignol-angus-2010-2019-snowboard-review
Rossignol Jibsaw,https://thegoodride.com/snowboard-reviews/rossignol-jibsaw-2012-2018-snowboard-review
Rossignol Jibsaw Heavy Duty,https://thegoodride.com/snowboard-reviews/rossignol-jibsaw-heavy-duty-2017-snowboard-review
Rossignol  Krypto,https://thegoodride.com/snowboard-reviews/rossignol-krypto-2012-2019-snowboard-review
Rossignol One LF,https://thegoodride.com/snowboard-reviews/rossignol-one-lf-2010-2019-snowboard-review
Rossignol Retox,https://thegoodride.com/snowboard-reviews/rossignol-retox-2010-2019-snowboard-review
Rossignol Templar,https://thegoodride.com/snowboard-reviews/rossignol-templar-2013-2019-snowboard-review
Rossignol XV,https://thegoodride.com/snowboard-reviews/rossignol-xv-2014-2020-snowboard-review
Rossignol XV Sashimi,https://thegoodride.com/snowboard-reviews/rossignol-xv-sashimi-2020-snowboard-review
Rossignol XV Sushi,https://thegoodride.com/snowboard-reviews/rossignol-xv-sushi-2018-2020-snowboard-review
Salomon Assassin,https://thegoodride.com/snowboard-reviews/salomon-assassin-2014-2019-snowboard-review
Salomon Assassin Pro,https://thegoodride.com/snowboard-reviews/salomon-assassin-pro-2019-snowboard-review
Salomon First Call,https://thegoodride.com/snowboard-reviews/salomon-first-call-2018-snowboard-review
Salomon HPS x Asmo,https://thegoodride.com/snowboard-reviews/salomon-hps-x-asmo-2020-snowboard-review
Salomon Huck Knife,https://thegoodride.com/snowboard-reviews/salomon-huck-knife-2017-snowboard-review
Salomon Huck Knife Pro,https://thegoodride.com/snowboard-reviews/salomon-huck-knife-pro-2020-snowboard-review
Salomon SickStick 151,https://thegoodride.com/snowboard-reviews/salomon-sickstick-151-2018-2019-snowboard-review
Salomon SickStick,https://thegoodride.com/snowboard-reviews/salomon-sickstick-2010-2018-snowbard-review
Salomon Speedway,https://thegoodride.com/snowboard-reviews/salomon-speedway-2019-snowboard-review
Salomon Super 8,https://thegoodride.com/snowboard-reviews/salomon-super-8-2016-2019-snowboard-review
Salomon Taka X Wolle,https://thegoodride.com/snowboard-reviews/salomon-taka-x-wolle-2019-2020-snowboard-review
Salomon Ultimate Ride,https://thegoodride.com/snowboard-reviews/salomon-ultimate-ride-2017-snowboard-review
Salomon  Villain,https://thegoodride.com/snowboard-reviews/salomon-villain-2013-2018-snowboard-review
Signal Disruptor,https://thegoodride.com/snowboard-reviews/signal-disruptor-2017-2018-snowboard-review
Signal John Jackson Sierra,https://thegoodride.com/snowboard-reviews/signal-john-jackson-sierra-snowboard-review
Signal Park,https://thegoodride.com/snowboard-reviews/signal-park-snowboard-review-and-buying-advice
Signal Yup,https://thegoodride.com/snowboard-reviews/signal-yup-snowboard-review-and-buying-advice
Sims Blade,https://thegoodride.com/snowboard-reviews/sims-blade-2017-2018-snowboard-review
Sims Dealers Choice,https://thegoodride.com/snowboard-reviews/sims-dealers-choice-2017-snowboard-review
Sims Juice,https://thegoodride.com/snowboard-reviews/sims-juice-2017-snowboard-review
Sims Terry Kidwell RT2,https://thegoodride.com/snowboard-reviews/sims-terry-kidwell-rt2-2019-snowboard-review
Sims Tom Sims,https://thegoodride.com/snowboard-reviews/sims-tom-sims-2018-2019-snowboard-review
Slash ATV,https://thegoodride.com/snowboard-reviews/slash-atv-2013-2019-snowboard-review
Slash Aurora,https://thegoodride.com/snowboard-reviews/slash-aurora-review-and-buying-advice
Slash Brain Storm,https://thegoodride.com/snowboard-reviews/slash-brain-storm-2015-2019-snowboard-review
Slash Floater Narwal,https://thegoodride.com/snowboard-reviews/slash-floater-narwal-2016-2019-snowboard-review
Slash Happy Place,https://thegoodride.com/snowboard-reviews/slash-happy-place-2014-2019-snowboard-review
Slash Straight Narwal,https://thegoodride.com/snowboard-reviews/slash-straight-narwal-2013-2019-snowboard-review
Smokin Awesymmetrical,https://thegoodride.com/snowboard-reviews/smokin-awesymmetrical-2014-2017-snowboard-review
Smokin Buck Ferton,https://thegoodride.com/snowboard-reviews/smokin-buck-ferton-2013-2017-snowboard-review
Smokin KT-22,https://thegoodride.com/snowboard-reviews/smokin-kt-22-2013-2017-snowboard-review
Smokin Superpark Clash Rocker,https://thegoodride.com/snowboard-reviews/smokin-superpark-clash-rocker-review-and-buying-advice
Snofisk Puckerfisk,https://thegoodride.com/snowboard-reviews/snofisk-puckerfisk-2018-snowboard-review
Snoplanks Asym Fish,https://thegoodride.com/snowboard-reviews/snoplanks-asym-fish-2020-snowboard-review
SnoPlanks Model A,https://thegoodride.com/snowboard-reviews/snoplanks-model-a-2020-snowboard-review
SnoPlanks SnoBlunt,https://thegoodride.com/snowboard-reviews/snoplanks-snoblunt-2020-snowboard-review
Soul Flashback,https://thegoodride.com/snowboard-reviews/soul-flashback-2019-snowboard-review
Soul Frequent Flyer,https://thegoodride.com/snowboard-reviews/soul-frequent-flyer-snowboard-review
Soul Pitch Wing,https://thegoodride.com/snowboard-reviews/soul-pitch-wing-snowboard-review
Soul Pocket Rocket,https://thegoodride.com/snowboard-reviews/soul-pocket-rocket-2020-snowboard-review
Soul Samurai,https://thegoodride.com/snowboard-reviews/soul-samurai-2019-2020-snowboard-review
Soul Scrambler,https://thegoodride.com/snowboard-reviews/soul-scrambler-2019-snowboard-review
Soul Snow Wave,https://thegoodride.com/snowboard-reviews/soul-snow-wave-snowboard-review
Stone Barrel,https://thegoodride.com/snowboard-reviews/stone-barrel-2020-snowboard-review
Stone Dirty Fish,https://thegoodride.com/snowboard-reviews/stone-dirty-fish-2020-snowboard-review
Stone Message,https://thegoodride.com/snowboard-reviews/stone-message-2020-snowboard-review
Stone Mini-Gun,https://thegoodride.com/snowboard-reviews/stone-mini-gun-2020-snowboard-review
Stone Natural,https://thegoodride.com/snowboard-reviews/stone-natural-2020-snowboard-review
Stone Topo,https://thegoodride.com/snowboard-reviews/stone-topo-2020-snowboard-review
United Shapes Deep Reach,https://thegoodride.com/snowboard-reviews/united-shapes-deep-reach-snowboard-review
United Shapes Orbit,https://thegoodride.com/snowboard-reviews/united-shapes-orbit-snowboard-review
United Shapes Pioneer,https://thegoodride.com/snowboard-reviews/united-shapes-pioneer-2018-snowboard-review
Venture Storm,https://thegoodride.com/snowboard-reviews/venture-storm-2011-2018-snowboard-review
Venture Zelix,https://thegoodride.com/snowboard-reviews/venture-zelix-2014-2018-snowboard-review
Weston Backwoods,https://thegoodride.com/snowboard-reviews/weston-backwoods-2020-snowboard-review
Weston Logger,https://thegoodride.com/snowboard-reviews/weston-logger-2020-snowboard-review
Weston Range,https://thegoodride.com/snowboard-reviews/weston-range-2020-snowboard-review
YES 2020,https://thegoodride.com/snowboard-reviews/yes-2020-2016-2019-snowboard-review
YES 420,https://thegoodride.com/snowboard-reviews/yes-420-2013-2021-snowboard-review
Yes 420 Powder Hull,https://thegoodride.com/snowboard-reviews/yes-420-powder-hull-2017-2020-snowboard-review
YES Basic,https://thegoodride.com/snowboard-reviews/yes-basic-2010-2020-snowboard-review
YES Basic Decade,https://thegoodride.com/snowboard-reviews/yes-basic-decade-2019-snowboard-review
YES Ghost,https://thegoodride.com/snowboard-reviews/yes-ghost-2011-2020-snowboard-review
Yes Globe NSB,https://thegoodride.com/snowboard-reviews/yes-globe-nsb-2020-snowboard-review
YES Greats,https://thegoodride.com/snowboard-reviews/yes-greats-2011-2020-snowboard-review
YES Hybrid,https://thegoodride.com/snowboard-reviews/yes-hybrid-2020-2021-snowboard-review
YES Jackpot,https://thegoodride.com/snowboard-reviews/yes-jackpot-2012-2020-snowboard-review
Yes Libre,https://thegoodride.com/snowboard-reviews/yes-libre-2018-2020-snowboard-review
YES Optimistic,https://thegoodride.com/snowboard-reviews/yes-optimistic-2011-2020-snowboard-review
YES Pick Your Line,https://thegoodride.com/snowboard-reviews/yes-pick-your-line-2012-2020-snowboard-review
YES PRO20,https://thegoodride.com/snowboard-reviews/yes-pro20-2021-snowboard-review
YES Standard,https://thegoodride.com/snowboard-reviews/yes-standard-2015-2020-snowboard-review
Yes The Y,https://thegoodride.com/snowboard-reviews/yes-the-y-2020-snowboard-review
YES Typo,https://thegoodride.com/snowboard-reviews/yes-typo-2016-2020-snowboard-review
